feed_provider,feed_valid_id,action_type,details,created_at
bet365,190208095,ignored,,2026-03-06T21:19:55Z
bet365,186635251,appeared,,2026-03-06T21:19:55Z
bet365,190208188,appeared,,2026-03-06T21:19:55Z
bet365,189135832,appeared,,2026-03-06T21:19:55Z
bet365,189135839,appeared,,2026-03-06T21:19:55Z
bet365,190224576,appeared,,2026-03-06T21:19:55Z
bet365,190228030,appeared,,2026-03-06T21:19:55Z
bet365,190253709,appeared,,2026-03-06T21:19:55Z
bet365,188343927,appeared,,2026-03-06T21:19:55Z
bet365,186635268,appeared,,2026-03-06T21:19:55Z
bet365,189135844,appeared,,2026-03-06T21:19:55Z
bet365,189641112,appeared,,2026-03-06T21:19:55Z
bet365,190207791,appeared,,2026-03-06T21:19:55Z
bet365,190207793,appeared,,2026-03-06T21:19:55Z
bet365,189135848,appeared,,2026-03-06T21:19:55Z
bet365,189568191,appeared,,2026-03-06T21:19:55Z
bet365,190208276,appeared,,2026-03-06T21:19:55Z
bet365,190208526,appeared,,2026-03-06T21:19:55Z
bet365,190228032,appeared,,2026-03-06T21:19:55Z
bet365,189568159,appeared,,2026-03-06T21:19:55Z
bet365,190208530,appeared,,2026-03-06T21:19:55Z
bet365,190280714,appeared,,2026-03-06T21:19:55Z
bet365,190229742,appeared,,2026-03-06T21:19:55Z
bet365,189958363,appeared,,2026-03-06T21:19:55Z
bet365,190279285,appeared,,2026-03-06T21:19:55Z
bet365,190279288,appeared,,2026-03-06T21:19:55Z
bet365,190279293,appeared,,2026-03-06T21:19:55Z
bet365,190279298,appeared,,2026-03-06T21:19:55Z
bet365,189940577,appeared,,2026-03-06T21:19:55Z
bet365,190229969,appeared,,2026-03-06T21:19:55Z
bet365,190229975,appeared,,2026-03-06T21:19:55Z
bet365,189519948,appeared,,2026-03-06T21:19:55Z
bet365,189519954,appeared,,2026-03-06T21:19:55Z
bet365,189519973,appeared,,2026-03-06T21:19:55Z
bet365,190229736,appeared,,2026-03-06T21:19:55Z
bet365,190248516,appeared,,2026-03-06T21:19:55Z
bet365,190248531,appeared,,2026-03-06T21:19:55Z
bet365,190279301,appeared,,2026-03-06T21:19:55Z
bet365,190279308,appeared,,2026-03-06T21:19:55Z
bet365,190295336,appeared,,2026-03-06T21:19:55Z
bet365,189576474,appeared,,2026-03-06T21:19:55Z
bet365,190279311,appeared,,2026-03-06T21:19:55Z
bet365,190279315,appeared,,2026-03-06T21:19:55Z
bet365,190229977,appeared,,2026-03-06T21:19:55Z
bet365,190248514,appeared,,2026-03-06T21:19:55Z
bet365,190276835,appeared,,2026-03-06T21:19:55Z
bet365,190287893,appeared,,2026-03-06T21:19:55Z
bet365,190310061,appeared,,2026-03-06T21:19:55Z
bet365,190229973,appeared,,2026-03-06T21:19:55Z
bet365,190229971,appeared,,2026-03-06T21:19:55Z
bet365,190629018,appeared,,2026-03-06T21:19:55Z
bet365,190670842,appeared,,2026-03-06T21:19:55Z
bet365,190669686,appeared,,2026-03-06T21:19:55Z
bet365,190669688,appeared,,2026-03-06T21:19:55Z
bet365,190409233,appeared,,2026-03-06T21:19:55Z
bet365,190611780,appeared,,2026-03-06T21:19:55Z
bet365,190593020,appeared,,2026-03-06T21:19:55Z
bet365,190605809,appeared,,2026-03-06T21:19:55Z
bet365,190647656,appeared,,2026-03-06T21:19:55Z
bet365,190669689,appeared,,2026-03-06T21:19:55Z
bet365,190669690,appeared,,2026-03-06T21:19:55Z
bet365,190670843,appeared,,2026-03-06T21:19:55Z
bet365,190530131,appeared,,2026-03-06T21:19:55Z
bet365,190611781,appeared,,2026-03-06T21:19:55Z
bet365,190625342,appeared,,2026-03-06T21:19:55Z
bet365,190625344,appeared,,2026-03-06T21:19:55Z
bet365,190593022,appeared,,2026-03-06T21:19:55Z
bet365,190605810,appeared,,2026-03-06T21:19:55Z
bet365,190611782,appeared,,2026-03-06T21:19:55Z
bet365,190462993,appeared,,2026-03-06T21:19:55Z
bet365,190409222,appeared,,2026-03-06T21:19:55Z
bet365,190463895,appeared,,2026-03-06T21:19:55Z
bet365,190630990,appeared,,2026-03-06T21:19:55Z
bet365,190630991,appeared,,2026-03-06T21:19:55Z
bet365,190409240,appeared,,2026-03-06T21:19:55Z
bet365,190463894,appeared,,2026-03-06T21:19:55Z
bet365,190580286,appeared,,2026-03-06T21:19:55Z
bet365,190580287,appeared,,2026-03-06T21:19:55Z
bet365,190580288,appeared,,2026-03-06T21:19:55Z
bet365,190624114,appeared,,2026-03-06T21:19:55Z
bet365,190580289,appeared,,2026-03-06T21:19:55Z
bet365,190580290,appeared,,2026-03-06T21:19:55Z
bet365,190580291,appeared,,2026-03-06T21:19:55Z
bet365,190580293,appeared,,2026-03-06T21:19:55Z
bet365,190580292,appeared,,2026-03-06T21:19:55Z
bet365,190580294,appeared,,2026-03-06T21:19:55Z
bet365,190580295,appeared,,2026-03-06T21:19:55Z
bet365,190580296,appeared,,2026-03-06T21:19:55Z
bet365,190350321,appeared,,2026-03-06T21:19:55Z
bet365,190349010,appeared,,2026-03-06T21:19:55Z
bet365,190349012,appeared,,2026-03-06T21:19:55Z
bet365,190349013,appeared,,2026-03-06T21:19:55Z
bet365,190349014,appeared,,2026-03-06T21:19:55Z
bet365,190349017,appeared,,2026-03-06T21:19:55Z
bet365,190349018,appeared,,2026-03-06T21:19:55Z
bet365,190349019,appeared,,2026-03-06T21:19:55Z
bet365,190237445,appeared,,2026-03-06T21:19:55Z
bet365,190237026,appeared,,2026-03-06T21:19:55Z
bet365,190237273,appeared,,2026-03-06T21:19:55Z
bet365,190237926,appeared,,2026-03-06T21:19:55Z
bet365,190237819,appeared,,2026-03-06T21:19:55Z
bet365,190237927,appeared,,2026-03-06T21:19:55Z
bet365,190237274,appeared,,2026-03-06T21:19:55Z
bet365,190237038,appeared,,2026-03-06T21:19:55Z
bet365,190237833,appeared,,2026-03-06T21:19:55Z
bet365,190237928,appeared,,2026-03-06T21:19:55Z
bet365,190237275,appeared,,2026-03-06T21:19:55Z
bet365,190237042,appeared,,2026-03-06T21:19:55Z
bet365,190237843,appeared,,2026-03-06T21:19:55Z
bet365,190237276,appeared,,2026-03-06T21:19:55Z
bet365,190237044,appeared,,2026-03-06T21:19:55Z
bet365,190237850,appeared,,2026-03-06T21:19:55Z
bet365,190237281,appeared,,2026-03-06T21:19:55Z
bet365,190237287,appeared,,2026-03-06T21:19:55Z
bet365,190224368,appeared,,2026-03-06T21:19:55Z
bet365,190237293,appeared,,2026-03-06T21:19:55Z
bet365,190224376,appeared,,2026-03-06T21:19:55Z
bet365,190265617,appeared,,2026-03-06T21:19:55Z
bet365,190173033,appeared,,2026-03-06T21:19:55Z
bet365,190224373,appeared,,2026-03-06T21:19:55Z
bet365,190265613,appeared,,2026-03-06T21:19:55Z
bet365,190173037,appeared,,2026-03-06T21:19:55Z
bet365,190223532,appeared,,2026-03-06T21:19:55Z
bet365,190265619,appeared,,2026-03-06T21:19:55Z
bet365,190224387,appeared,,2026-03-06T21:19:55Z
bet365,190173034,appeared,,2026-03-06T21:19:55Z
bet365,190223537,appeared,,2026-03-06T21:19:55Z
bet365,190267983,appeared,,2026-03-06T21:19:55Z
bet365,190265641,appeared,,2026-03-06T21:19:55Z
bet365,190220391,appeared,,2026-03-06T21:19:55Z
bet365,190224380,appeared,,2026-03-06T21:19:55Z
bet365,190173036,appeared,,2026-03-06T21:19:55Z
bet365,190267996,appeared,,2026-03-06T21:19:55Z
bet365,190223543,appeared,,2026-03-06T21:19:55Z
bet365,190265612,appeared,,2026-03-06T21:19:55Z
bet365,190220387,appeared,,2026-03-06T21:19:55Z
bet365,190224379,appeared,,2026-03-06T21:19:55Z
bet365,190173040,appeared,,2026-03-06T21:19:55Z
bet365,190267984,appeared,,2026-03-06T21:19:55Z
bet365,190221445,appeared,,2026-03-06T21:19:55Z
bet365,190223540,appeared,,2026-03-06T21:19:55Z
bet365,190265633,appeared,,2026-03-06T21:19:55Z
bet365,190220386,appeared,,2026-03-06T21:19:55Z
bet365,190224386,appeared,,2026-03-06T21:19:55Z
bet365,190220660,appeared,,2026-03-06T21:19:55Z
bet365,190267985,appeared,,2026-03-06T21:19:55Z
bet365,190208095,unignored,,2026-03-06T21:19:58Z
bet365,189135832,ignored,,2026-03-06T22:30:02Z
bet365,189135832,unignored,,2026-03-06T22:30:09Z
bwin,19083312,appeared,,2026-03-09T21:09:15Z
bwin,19084050,appeared,,2026-03-09T21:09:15Z
bwin,19092086,appeared,,2026-03-09T21:09:15Z
bwin,19096205,appeared,,2026-03-09T21:09:15Z
bwin,19096228,appeared,,2026-03-09T21:09:15Z
bwin,207752966,appeared,,2026-03-09T21:09:15Z
bwin,207756700,appeared,,2026-03-09T21:09:15Z
bwin,207756701,appeared,,2026-03-09T21:09:15Z
bwin,19053989,appeared,,2026-03-09T21:09:15Z
bwin,19053990,appeared,,2026-03-09T21:09:15Z
bwin,19053991,appeared,,2026-03-09T21:09:15Z
bwin,19054048,appeared,,2026-03-09T21:09:15Z
bwin,19054049,appeared,,2026-03-09T21:09:15Z
bwin,19092068,appeared,,2026-03-09T21:09:15Z
bwin,19092117,appeared,,2026-03-09T21:09:15Z
bwin,19092142,appeared,,2026-03-09T21:09:15Z
bwin,19092069,appeared,,2026-03-09T21:09:15Z
bwin,19092087,appeared,,2026-03-09T21:09:15Z
bwin,207752782,appeared,,2026-03-09T21:09:15Z
bwin,19084475,appeared,,2026-03-09T21:09:15Z
bwin,19084965,appeared,,2026-03-09T21:09:15Z
bwin,19084968,appeared,,2026-03-09T21:09:15Z
bwin,19085050,appeared,,2026-03-09T21:09:15Z
bwin,19088369,appeared,,2026-03-09T21:09:15Z
bwin,19089019,appeared,,2026-03-09T21:09:15Z
bwin,19094691,appeared,,2026-03-09T21:09:15Z
bwin,19094692,appeared,,2026-03-09T21:09:15Z
bwin,19094693,appeared,,2026-03-09T21:09:15Z
bwin,19094694,appeared,,2026-03-09T21:09:15Z
bwin,19098884,appeared,,2026-03-09T21:09:15Z
bwin,19096324,appeared,,2026-03-09T21:09:15Z
bwin,19092118,appeared,,2026-03-09T21:09:15Z
bwin,19092226,appeared,,2026-03-09T21:09:15Z
bwin,19092088,appeared,,2026-03-09T21:09:15Z
bwin,207752781,appeared,,2026-03-09T21:09:15Z
bwin,19092070,appeared,,2026-03-09T21:09:15Z
bwin,19092143,appeared,,2026-03-09T21:09:15Z
bwin,19092089,appeared,,2026-03-09T21:09:15Z
bwin,19092119,appeared,,2026-03-09T21:09:15Z
bwin,207756703,appeared,,2026-03-09T21:09:15Z
bwin,19090536,appeared,,2026-03-09T21:09:15Z
bwin,19090076,appeared,,2026-03-09T21:09:15Z
bwin,19095584,appeared,,2026-03-09T21:09:15Z
bwin,19054051,appeared,,2026-03-09T21:09:15Z
bwin,19054052,appeared,,2026-03-09T21:09:15Z
bwin,19097570,appeared,,2026-03-09T21:09:15Z
bwin,19091094,appeared,,2026-03-09T21:09:15Z
bwin,19091095,appeared,,2026-03-09T21:09:15Z
bwin,19091096,appeared,,2026-03-09T21:09:15Z
bwin,19095516,appeared,,2026-03-09T21:09:15Z
bwin,19054054,appeared,,2026-03-09T21:09:15Z
bwin,19094860,appeared,,2026-03-09T21:09:15Z
bwin,19095062,appeared,,2026-03-09T21:09:15Z
bwin,19095063,appeared,,2026-03-09T21:09:15Z
bwin,19095064,appeared,,2026-03-09T21:09:15Z
bwin,19095065,appeared,,2026-03-09T21:09:15Z
bwin,19095066,appeared,,2026-03-09T21:09:15Z
bwin,19095067,appeared,,2026-03-09T21:09:15Z
bwin,19095361,appeared,,2026-03-09T21:09:15Z
bwin,19095251,appeared,,2026-03-09T21:09:15Z
bwin,19090513,appeared,,2026-03-09T21:09:15Z
bwin,19092581,appeared,,2026-03-09T21:09:15Z
bwin,19092582,appeared,,2026-03-09T21:09:15Z
bwin,19092583,appeared,,2026-03-09T21:09:15Z
bwin,19054055,appeared,,2026-03-09T21:09:15Z
bwin,19054056,appeared,,2026-03-09T21:09:15Z
bwin,19095108,appeared,,2026-03-09T21:09:15Z
bwin,19095121,appeared,,2026-03-09T21:09:15Z
bwin,19095122,appeared,,2026-03-09T21:09:15Z
bwin,19095677,appeared,,2026-03-09T21:09:15Z
bwin,19083310,appeared,,2026-03-09T21:09:15Z
bwin,19095781,appeared,,2026-03-09T21:09:15Z
bwin,19090514,appeared,,2026-03-09T21:09:15Z
bwin,19090515,appeared,,2026-03-09T21:09:15Z
bwin,19090573,appeared,,2026-03-09T21:09:15Z
bwin,19092584,appeared,,2026-03-09T21:09:15Z
bwin,19092585,appeared,,2026-03-09T21:09:15Z
bwin,19092586,appeared,,2026-03-09T21:09:15Z
bwin,19092587,appeared,,2026-03-09T21:09:15Z
bwin,19092588,appeared,,2026-03-09T21:09:15Z
bwin,19092590,appeared,,2026-03-09T21:09:15Z
bwin,19092591,appeared,,2026-03-09T21:09:15Z
bwin,19092592,appeared,,2026-03-09T21:09:15Z
bwin,19092685,appeared,,2026-03-09T21:09:15Z
bwin,19092686,appeared,,2026-03-09T21:09:15Z
bwin,19092687,appeared,,2026-03-09T21:09:15Z
bwin,19092688,appeared,,2026-03-09T21:09:15Z
bwin,19092689,appeared,,2026-03-09T21:09:15Z
bwin,19092690,appeared,,2026-03-09T21:09:15Z
bwin,19092691,appeared,,2026-03-09T21:09:15Z
bwin,19096265,appeared,,2026-03-09T21:09:15Z
bwin,19089852,appeared,,2026-03-09T21:09:15Z
bwin,19054057,appeared,,2026-03-09T21:09:15Z
bwin,19054058,appeared,,2026-03-09T21:09:15Z
bwin,19054059,appeared,,2026-03-09T21:09:15Z
bwin,19054060,appeared,,2026-03-09T21:09:15Z
bwin,19054061,appeared,,2026-03-09T21:09:15Z
bwin,19054062,appeared,,2026-03-09T21:09:15Z
bwin,19054063,appeared,,2026-03-09T21:09:15Z
bwin,19054064,appeared,,2026-03-09T21:09:15Z
bwin,500740197,appeared,,2026-03-09T21:09:15Z
bwin,500794843,appeared,,2026-03-09T21:09:15Z
bwin,500794848,appeared,,2026-03-09T21:09:15Z
bwin,500685932,appeared,,2026-03-09T21:09:15Z
bwin,500794854,appeared,,2026-03-09T21:09:15Z
bwin,500794857,appeared,,2026-03-09T21:09:15Z
bwin,500792672,appeared,,2026-03-09T21:09:15Z
bwin,500540510,appeared,,2026-03-09T21:09:15Z
bwin,500793197,appeared,,2026-03-09T21:09:15Z
bwin,500543184,appeared,,2026-03-09T21:09:15Z
bwin,18369059,appeared,,2026-03-09T21:09:15Z
bwin,207752782,mapped,G-51789ABA,2026-03-09T22:37:06Z
bwin,207756703,mapped,G-9CA1237C,2026-03-09T23:13:42Z
